{
    "locked": false,
    "NetscoreTime": 1692445747,
    "RefreshRankingsTime": 1692376635,
    "admins": [
        "yoozenji",
        "shayklos",
        "forbiddenazalea",
        "emtotheily",
        "kb1900",
        "thousandfire"
    ],
    "BASE_USER_URL": "xxx",
    "BASE_ROUNDS_URL": "xxx",
    "LIVEINFO_URL": "xxx",
    "dbDaysLimit": 30,
    "embedPageSize": 20,
    "requiredMatchesCombos": 15,
    "requiredMatchesSPM": 40,
    "requiredMatchesBPM": 40,
    "requiredMatchesBlockedPercent": 40,
    "requiredMatchesOPM": 40,
    "requiredMatchesOPB": 40,
    "timeformat": "%Y-%m-%dT%H:%M:%S",
    "powerTableRange": [
        2,
        9
    ],
    "powerTable": [
        37.8883647435868,
        35.4831455255647,
        40.1465889629567,
        44.2602184213111,
        48.575338292518,
        50.649550305342,
        51.9969119509592,
        56.306414280463
    ]
}